{"mean":{"confidence_interval":{"confidence_level":0.95,"lower_bound":6.526180082078758,"upper_bound":7.021808687156452},"point_estimate":6.783200452321861,"standard_error":0.12681360256068555},"median":{"confidence_interval":{"confidence_level":0.95,"lower_bound":7.372104441318189,"upper_bound":7.404148658702708},"point_estimate":7.389038089176925,"standard_error":0.008113515880417938},"median_abs_dev":{"confidence_interval":{"confidence_level":0.95,"lower_bound":0.020067125554537484,"upper_bound":0.06286292218727399},"point_estimate":0.038807888826681576,"standard_error":0.011149950361630846},"slope":{"confidence_interval":{"confidence_level":0.95,"lower_bound":6.079010893483931,"upper_bound":6.837495203931189},"point_estimate":6.462201329764921,"standard_error":0.19405998601645386},"std_dev":{"confidence_interval":{"confidence_level":0.95,"lower_bound":1.0209650319155328,"upper_bound":1.461442748676664},"point_estimate":1.2745504966280259,"standard_error":0.1129226972854178}}