{"mean":{"confidence_interval":{"confidence_level":0.95,"lower_bound":14979087.275,"upper_bound":15170820.4068125},"point_estimate":15082992.5,"standard_error":49340.35960083201},"median":{"confidence_interval":{"confidence_level":0.95,"lower_bound":15116465.125,"upper_bound":15152008.75},"point_estimate":15138821.0,"standard_error":9247.842690099977},"median_abs_dev":{"confidence_interval":{"confidence_level":0.95,"lower_bound":75456.74033537507,"upper_bound":138326.94819420576},"point_estimate":111171.46175131202,"standard_error":16481.227151888248},"slope":null,"std_dev":{"confidence_interval":{"confidence_level":0.95,"lower_bound":274199.68620860117,"upper_bound":675982.9334986632},"point_estimate":497921.55660406506,"standard_error":107827.29681802372}}