{"mean":{"confidence_interval":{"confidence_level":0.95,"lower_bound":107675.15319104421,"upper_bound":113693.10116489568},"point_estimate":110856.80108132222,"standard_error":1542.8358877173744},"median":{"confidence_interval":{"confidence_level":0.95,"lower_bound":114292.58268733851,"upper_bound":114636.7712792434},"point_estimate":114392.26794871796,"standard_error":80.71602218948937},"median_abs_dev":{"confidence_interval":{"confidence_level":0.95,"lower_bound":505.30694117602803,"upper_bound":1378.6189095470568},"point_estimate":725.6583596626533,"standard_error":206.56742769256073},"slope":{"confidence_interval":{"confidence_level":0.95,"lower_bound":107370.6146709297,"upper_bound":113227.53669188177},"point_estimate":110619.54278147218,"standard_error":1500.087737770123},"std_dev":{"confidence_interval":{"confidence_level":0.95,"lower_bound":10412.835373202523,"upper_bound":19417.092057020553},"point_estimate":15546.870779020275,"standard_error":2306.544535513283}}