{"mean":{"confidence_interval":{"confidence_level":0.95,"lower_bound":6779249.5576875005,"upper_bound":6876210.63640625},"point_estimate":6829318.2825,"standard_error":24774.283785084353},"median":{"confidence_interval":{"confidence_level":0.95,"lower_bound":6764989.625,"upper_bound":6927488.875},"point_estimate":6782946.75,"standard_error":39431.1674821271},"median_abs_dev":{"confidence_interval":{"confidence_level":0.95,"lower_bound":162753.06074805558,"upper_bound":304274.3632480502},"point_estimate":248219.0188307315,"standard_error":30876.106581072534},"slope":null,"std_dev":{"confidence_interval":{"confidence_level":0.95,"lower_bound":185599.24348073825,"upper_bound":309458.11371723993},"point_estimate":250574.91286190404,"standard_error":31476.7546123011}}