{"mean":{"confidence_interval":{"confidence_level":0.95,"lower_bound":16048611.1475,"upper_bound":16212295.65075},"point_estimate":16138238.905,"standard_error":41911.92436979062},"median":{"confidence_interval":{"confidence_level":0.95,"lower_bound":16118933.0,"upper_bound":16224164.75},"point_estimate":16207711.875,"standard_error":27949.468212351803},"median_abs_dev":{"confidence_interval":{"confidence_level":0.95,"lower_bound":104584.64071825147,"upper_bound":170323.3088761568},"point_estimate":148984.6181049943,"standard_error":16129.336008513928},"slope":null,"std_dev":{"confidence_interval":{"confidence_level":0.95,"lower_bound":195889.45631635064,"upper_bound":584201.9062304692},"point_estimate":420458.46852299274,"standard_error":95092.34067611118}}