{"mean":{"confidence_interval":{"confidence_level":0.95,"lower_bound":119718.30925108129,"upper_bound":126262.14139274493},"point_estimate":123194.44521771478,"standard_error":1670.7335704288025},"median":{"confidence_interval":{"confidence_level":0.95,"lower_bound":125652.12698412698,"upper_bound":126433.38492063493},"point_estimate":125761.8630952381,"standard_error":303.50670676968986},"median_abs_dev":{"confidence_interval":{"confidence_level":0.95,"lower_bound":606.8975809275728,"upper_bound":5589.9591023521025},"point_estimate":3699.3754794518204,"standard_error":1883.2837507057427},"slope":{"confidence_interval":{"confidence_level":0.95,"lower_bound":120104.74298894683,"upper_bound":128263.89585196436},"point_estimate":124577.62194670213,"standard_error":2090.8351414288704},"std_dev":{"confidence_interval":{"confidence_level":0.95,"lower_bound":10734.922026537466,"upper_bound":21216.130958476755},"point_estimate":16709.358747065893,"standard_error":2672.6247041392526}}