{"mean":{"confidence_interval":{"confidence_level":0.95,"lower_bound":2.0869592135861423,"upper_bound":2.109760607649917},"point_estimate":2.099959984531898,"standard_error":0.005853289388951424},"median":{"confidence_interval":{"confidence_level":0.95,"lower_bound":2.110674038904201,"upper_bound":2.110883006582804},"point_estimate":2.1106976256570578,"standard_error":0.00005843057310460379},"median_abs_dev":{"confidence_interval":{"confidence_level":0.95,"lower_bound":0.00009819060437226188,"upper_bound":0.0007180039336860144},"point_estimate":0.00027600543556749295,"standard_error":0.00014336575427866362},"slope":{"confidence_interval":{"confidence_level":0.95,"lower_bound":2.051382412573801,"upper_bound":2.10786598515078},"point_estimate":2.082327460971571,"standard_error":0.014467715605531116},"std_dev":{"confidence_interval":{"confidence_level":0.95,"lower_bound":0.012139331300005954,"upper_bound":0.0876846074081491},"point_estimate":0.05846078276255945,"standard_error":0.018345750385000498}}