{"mean":{"confidence_interval":{"confidence_level":0.95,"lower_bound":7303010.431749998,"upper_bound":7722027.037142861},"point_estimate":7528006.14714286,"standard_error":107599.52138291366},"median":{"confidence_interval":{"confidence_level":0.95,"lower_bound":7843536.714285715,"upper_bound":7895530.142857143},"point_estimate":7875128.857142856,"standard_error":14395.336021781684},"median_abs_dev":{"confidence_interval":{"confidence_level":0.95,"lower_bound":96589.16438519955,"upper_bound":178108.6531379391},"point_estimate":140624.71340341287,"standard_error":21447.282381895984},"slope":null,"std_dev":{"confidence_interval":{"confidence_level":0.95,"lower_bound":723879.5653682952,"upper_bound":1349479.0205715264},"point_estimate":1080611.2256125403,"standard_error":158823.697499744}}