{"mean":{"confidence_interval":{"confidence_level":0.95,"lower_bound":7.064356247686585,"upper_bound":7.353334276060462},"point_estimate":7.223749040598948,"standard_error":0.0742565624275033},"median":{"confidence_interval":{"confidence_level":0.95,"lower_bound":7.415418973497419,"upper_bound":7.419185319741095},"point_estimate":7.415921151838534,"standard_error":0.0009374273043957671},"median_abs_dev":{"confidence_interval":{"confidence_level":0.95,"lower_bound":0.002677032320907512,"upper_bound":0.007895432057352332},"point_estimate":0.00544252671182987,"standard_error":0.0012379904267263147},"slope":{"confidence_interval":{"confidence_level":0.95,"lower_bound":6.541254230853488,"upper_bound":7.268239190326827},"point_estimate":6.923684966117343,"standard_error":0.18701920209705278},"std_dev":{"confidence_interval":{"confidence_level":0.95,"lower_bound":0.3863791828959808,"upper_bound":1.014270244758435},"point_estimate":0.7455722701934443,"standard_error":0.1650177156960719}}